set,mae,rmse,r2,mape
train,1143.8975830078125,1950.2271662552546,0.9876449108123779,35.60738602380978
val,1463.67724609375,2397.8537278157733,0.981237530708313,18.752744625637817
