set,mae,rmse,r2,mape
train,555.8995361328125,825.1168856592379,0.9977884292602539,10.095196720157151
val,1412.2174072265625,2669.912451748184,0.9767385125160217,10.364334933070571
