set,mae,rmse,r2,mape
train,454.1730041503906,658.6903198772546,0.9985905885696411,8.90530297808119
val,1349.2021484375,2588.359905422737,0.9781378507614136,9.341948456559535
