set,mae,rmse,r2,mape
train,1161.5369873046875,2051.9353059977307,0.9863226413726807,29.6669328545964
val,1439.271240234375,2527.3264529933604,0.9791566729545593,15.022571863185227
