set,mae,rmse,r2,mape
train,0.04363815113902092,0.15064434225099474,0.6537962555885315,3.2387386184933113
val,0.05588170513510704,0.17546981136921577,0.6170389652252197,4.107690555543927
